Entertainment & Communication ;Audio & Hi-Fi;HEADPHONES;ON-EAR HEADPHONES;668;040;010
Entertainment & Communication ;Audio & Hi-Fi;HEADPHONES;IN-EAR HEADPHONES;668;040;005
Entertainment & Communication ;Audio & Hi-Fi;HEADPHONES;WIRELESS AND BLUETOOTH HEADPHONES;668;040;015
Entertainment & Communication ;Audio & Hi-Fi;Speakers & Portable Audio;OUTDOOR SPEAKERS;668;005;010
Entertainment & Communication ;Audio & Hi-Fi;Speakers & Portable Audio;WIRELESS SPEAKERS;668;005;015
Entertainment & Communication ;Audio & Hi-Fi;Sound & animation;AMPLIFIER;668;010;015
Entertainment & Communication ;Audio & Hi-Fi;Sound & animation;OTHER DISCO ELEMENTS;668;045;035
Entertainment & Communication ;Audio & Hi-Fi;Sound & animation;DISCO LIGHTING;668;045;025
Entertainment & Communication ;Audio & Hi-Fi;Sound & animation;DJ SPEAKER;668;045;010
Entertainment & Communication ;Audio & Hi-Fi;Sound & animation;DISCO LIGHTS;668;045;020
Entertainment & Communication ;Audio & Hi-Fi;Sound & animation;SMOKE MACHINE;668;045;015
Entertainment & Communication ;Audio & Hi-Fi;Sound & animation;KARAOKE SYSTEM;668;045;030
Entertainment & Communication ;Audio & Hi-Fi;Sound & animation;MIXING DESK;668;045;005
Entertainment & Communication ;Audio & Hi-Fi;Hi-Fi Systems & Speakers;PORTABLE AUDIO ACCESSORIES;668;025;005
Entertainment & Communication ;Audio & Hi-Fi;Hi-Fi Systems & Speakers;PORTABLE AUDIO ACCESSORIES;668;025;025
Entertainment & Communication ;Audio & Hi-Fi;Hi-Fi Systems & Speakers;HIFI SPEAKER ;668;005;005
Entertainment & Communication ;Audio & Hi-Fi;Hi-Fi Systems & Speakers;MICRO STEREO SYSTEM;668;015;005
Entertainment & Communication ;Audio & Hi-Fi;Hi-Fi Systems & Speakers;MINI STEREO SYSTEM;668;015;010
Entertainment & Communication ;Audio & Hi-Fi;Hi-Fi Systems & Speakers;MP3/MP4;668;030;005
Entertainment & Communication ;Audio & Hi-Fi;Hi-Fi Systems & Speakers;MP3/MP4;668;030;010
Entertainment & Communication ;Audio & Hi-Fi;Hi-Fi Systems & Speakers;MP3/MP4;668;030;025
Entertainment & Communication ;Audio & Hi-Fi;Hi-Fi Systems & Speakers;MP3/MP4;668;030;030
Entertainment & Communication ;Audio & Hi-Fi;Hi-Fi Systems & Speakers;RADIO & PORTABLE RADIO;668;035;010
Entertainment & Communication ;Audio & Hi-Fi;Hi-Fi Systems & Speakers;RADIO & PORTABLE RADIO;668;035;015
Entertainment & Communication ;Audio & Hi-Fi;Hi-Fi Systems & Speakers;CLOCK RADIO;668;035;020
Entertainment & Communication ;GPS & Car;GPS;;677;035;005
Entertainment & Communication ;GPS & Car;GPS;;677;040;005
Entertainment & Communication ;GPS & Car;RADAR DETECTION SYSTEM;;677;035;040
Entertainment & Communication ;Phones & Cameras;CAMERA AND PHOTO ACCESSORIES;PHOTO FRAME - ACCESSORIES;672;030;010
Entertainment & Communication ;Phones & Cameras;CAMERA AND PHOTO ACCESSORIES;PHOTO FRAME - ACCESSORIES;672;030;025
Entertainment & Communication ;Phones & Cameras;CAMERA AND PHOTO ACCESSORIES;PHOTO FRAME - ACCESSORIES;672;030;035
Entertainment & Communication ;Phones & Cameras;CAMERA AND PHOTO ACCESSORIES;PHOTO FRAME - ACCESSORIES;672;035;010
Entertainment & Communication ;Phones & Cameras;CAMERA AND PHOTO ACCESSORIES;CAMERA BAGS;672;030;015
Entertainment & Communication ;Phones & Cameras;CAMERA AND PHOTO ACCESSORIES;TRIPOD;672;030;030
Entertainment & Communication ;Phones & Cameras;PHOTO CAMERAS;DIGITAL CAMERA;672;025;010
Entertainment & Communication ;Phones & Cameras;PHOTO CAMERAS;DSLR CAMERA;672;025;025
Entertainment & Communication ;Phones & Cameras;PHOTO CAMERAS;ULTRA-SLIM DSLR CAMERA;672;025;015
Entertainment & Communication ;Phones & Cameras;CAMCODER;CAMCORDER;672;020;010
Entertainment & Communication ;Phones & Cameras;CAMCODER;MICRO CAMERA;672;020;005
Entertainment & Communication ;Desk & Mobile Phones;MOBILE PHONE ACCESSORIES;MOBILE PHONE ACCESSORIES;677;030;020
Entertainment & Communication ;Desk & Mobile Phones;MOBILE PHONE ACCESSORIES;HANDS-FREE ACCESSORIES;677;030;040
Entertainment & Communication ;Desk & Mobile Phones;MOBILE PHONE ACCESSORIES;OTHER ACCESSORIES;677;030;035
Entertainment & Communication ;Desk & Mobile Phones;MOBILE PHONE ACCESSORIES;BATTERY, PHONE CHARGER;677;030;045
Entertainment & Communication ;Desk & Mobile Phones;MOBILE PHONE ACCESSORIES;COVERS;677;030;030
Entertainment & Communication ;Desk & Mobile Phones;MOBILE PHONE ACCESSORIES;HANDS-FREE KIT;677;030;015
Entertainment & Communication ;Desk & Mobile Phones;MOBILE PHONE ACCESSORIES;SMARTWATCH;677;030;025
Entertainment & Communication ;Desk & Mobile Phones;MOBILE PHONE ACCESSORIES;BLUETOOTH HEADSET;677;030;010
Entertainment & Communication ;Desk & Mobile Phones;MOBILE PHONE ACCESSORIES;SCREEN PROTECTION;677;030;005
Entertainment & Communication ;Desk & Mobile Phones;DICTAPHONE;;677;010;025
Entertainment & Communication ;Desk & Mobile Phones;Smartphone & GSM;SMARTPHONE;677;020;005
Entertainment & Communication ;Desk & Mobile Phones;Smartphone & GSM;SMARTPHONE;677;020;010
Entertainment & Communication ;Desk & Mobile Phones;Smartphone & GSM;SMARTPHONE;677;020;015
Entertainment & Communication ;Desk & Mobile Phones;Smartphone & GSM;SMARTPHONE;677;020;020
Entertainment & Communication ;Desk & Mobile Phones;Smartphone & GSM;MOBILE PHONE;677;015;005
Entertainment & Communication ;Desk & Mobile Phones;WALKIE-TALKIE;;677;010;015
Entertainment & Communication ;Desk & Mobile Phones;DESK TELEPHONE;SWITCHBOARD;677;005;045
Entertainment & Communication ;Desk & Mobile Phones;DESK TELEPHONE;CORDED PHONE;677;005;030
Entertainment & Communication ;Desk & Mobile Phones;DESK TELEPHONE;CORDED PHONE;677;005;040
Entertainment & Communication ;Desk & Mobile Phones;DESK TELEPHONE;CORDLESS TELEPHONE / WIRELESS TELEPHONE;677;005;005
Entertainment & Communication ;Desk & Mobile Phones;DESK TELEPHONE;CORDLESS TELEPHONE / WIRELESS TELEPHONE;677;005;010
Entertainment & Communication ;Desk & Mobile Phones;DESK TELEPHONE;CORDLESS TELEPHONE / WIRELESS TELEPHONE;677;005;015
Entertainment & Communication ;Desk & Mobile Phones;DESK TELEPHONE;ADDITIONAL CORDLESS TELEPHONE;677;005;020
Entertainment & Communication ;TV & Video;DIGITAL SINGAGE;;669;005;005
Entertainment & Communication ;TV & Video;CABLE;;671;005;010
Entertainment & Communication ;TV & Video;PROJECTION SCREENS;WALL SCREEN;672;005;005
Entertainment & Communication ;TV & Video;PROJECTION SCREENS;POWERED WALL SCREEN ;672;005;010
Entertainment & Communication ;TV & Video;PROJECTION SCREENS;PORTABLE DISPLAY;672;005;015
Entertainment & Communication ;TV & Video;Home cinema & soundbar;SOUNDBAR;668;070;020
Entertainment & Communication ;TV & Video;Home cinema & soundbar;SOUNDBAR;668;070;025
Entertainment & Communication ;TV & Video;Home cinema & soundbar;HOME CINEMA KIT;668;070;005
Entertainment & Communication ;TV & Video;Home cinema & soundbar;HOME CINEMA KIT BLU-RAY PLAYER;668;070;015
Entertainment & Communication ;TV & Video;Home cinema & soundbar;HOME CINEMA KIT DVD PLAYER;668;070;010
Entertainment & Communication ;TV & Video;DVD & Blu ray ;DVD RECORDERS ;668;060;010
Entertainment & Communication ;TV & Video;DVD & Blu ray ;DVD PLAYER;668;060;015
Entertainment & Communication ;TV & Video;DVD & Blu ray ;DVD PLAYER;668;060;020
Entertainment & Communication ;TV & Video;DVD & Blu ray ;DVD PLAYER;668;075;005
Entertainment & Communication ;TV & Video;DVD & Blu ray ;BLU-RAY PLAYER;668;065;005
Entertainment & Communication ;TV & Video;DVD & Blu ray ;PORTABLE DVD PLAYERS;668;060;005
Entertainment & Communication ;TV & Video;TV FURNITURE;TV STAND;671;015;005
Entertainment & Communication ;TV & Video;TNT & Satellite;DECODER RECEIVER TNT DVB-T;670;005;020
Entertainment & Communication ;TV & Video;TNT & Satellite;SATELLITE SYSTEM;670;010;005
Entertainment & Communication ;TV & Video;TNT & Satellite;SATELLITE SYSTEM;670;015;010
Entertainment & Communication ;TV & Video;TV & Wall Support;TV WALL SUPPORT - INCLINED AND PIVOT;671;010;010
Entertainment & Communication ;TV & Video;TV & Wall Support;TV WALL SUPPORT - INCLINED AND PIVOT;671;010;015
Entertainment & Communication ;TV & Video;TV & Wall Support;FIXED TV WALL SUPPORT ;671;010;005
Entertainment & Communication ;TV & Video;TV LCD;;669;010;005
Entertainment & Communication ;TV & Video;TV LCD;;669;010;010
Entertainment & Communication ;TV & Video;TV LCD;;669;010;015
Entertainment & Communication ;TV & Video;TV LCD;;669;010;020
Entertainment & Communication ;TV & Video;TV LCD;;669;010;025
Entertainment & Communication ;TV & Video;TV LCD;;669;010;030
Entertainment & Communication ;TV & Video;TV LCD;;669;010;035
Entertainment & Communication ;TV & Video;TV LCD;;669;010;040
Entertainment & Communication ;TV & Video;TV LCD;;669;010;055
Entertainment & Communication ;TV & Video;TV LED;;669;015;010
Entertainment & Communication ;TV & Video;TV LED;;669;015;015
Entertainment & Communication ;TV & Video;TV LED;;669;015;020
Entertainment & Communication ;TV & Video;TV LED;;669;015;025
Entertainment & Communication ;TV & Video;TV LED;;669;015;030
Entertainment & Communication ;TV & Video;TV LED;;669;015;035
Entertainment & Communication ;TV & Video;TV LED;;669;015;040
Entertainment & Communication ;TV & Video;TV LED;;669;015;045
Entertainment & Communication ;TV & Video;TV LED;;669;015;050
Entertainment & Communication ;TV & Video;TV LED;;669;015;055
Entertainment & Communication ;TV & Video;VIDEO PROJECTORS;PROJECTOR ACCESSORIES;672;010;020
Entertainment & Communication ;TV & Video;VIDEO PROJECTORS;DESKTOP PROJECTOR;672;010;005
Entertainment & Communication ;TV & Video;VIDEO PROJECTORS;ULTRA PORTABLE PROJECTOR;672;010;015
Printing;Cartridge;;;679;020;005
Printing;Cartridge;;;679;020;010
Printing;Cartridge;;;679;020;015
Printing;Printer;3D PRINTERS;;679;015;015
Printing;Printer;ALIMENTARY PRINTERS;;679;015;025
Printing;Printer;INJET PRINTERS;;679;005;005
Printing;Printer;INJET PRINTERS;;679;005;010
Printing;Printer;INJET PRINTERS;;679;005;015
Printing;Printer;INJET PRINTERS;;679;005;020
Printing;Printer;INJET PRINTERS;;679;005;025
Printing;Printer;LASER PRINTERS;;679;010;005
Printing;Printer;LASER PRINTERS;;679;010;010
Printing;Printer;LASER PRINTERS;;679;010;015
Printing;Printer;LASER PRINTERS;;679;010;020
Printing;Printer;LASER PRINTERS;;679;010;025
Printing;Printer;LASER PRINTERS;;679;010;030
Printing;Printer;LASER PRINTERS;;679;010;035
Printing;Printer;LASER PRINTERS;;679;010;040
Printing;Printer;MATRIX PRINTERS;;679;015;030
Printing;Printer;PHOTO PRINTERS;;679;015;020
Printing;Scanner;;;679;015;005
Printing;Toner;;;679;025;005
Printing;Toner;;;679;025;010
Computing;Accessories;TABLET ACCESSORIES;;675;035;010
Computing;Accessories;TABLET ACCESSORIES;;675;035;025
Computing;Accessories;TABLET ACCESSORIES;;675;035;030
Computing;Accessories;CLEANING;;675;045;015
Computing;Accessories;BAGS & COVERS;;675;035;035
Computing;Accessories;BAGS & COVERS;;675;040;005
Computing;Accessories;BAGS & COVERS;;675;040;010
Computing;Accessories;BAGS & COVERS;;675;040;015
Computing;Accessories;BAGS & COVERS;;675;040;020
Computing;Accessories;STYLUS & SMART PENS;;675;035;020
Computing;PC Components;INTERNAL HARD DISKS;;676;020;006
Computing;PC Components;INTERNAL HARD DISKS;;676;020;010
Computing;PC Components;INTERNAL HARD DISKS;;676;020;012
Computing;PC Components;DVD BURNERS;;675;015;010
Computing;PC Components;MAIN MEMORY;;675;010;005
Computing;PC Components;MAIN MEMORY;;675;010;010
Computing;Screens;;;674;010;015
Computing;Screens;;;674;015;005
Computing;Screens;;;674;015;010
Computing;Screens;;;674;015;015
Computing;Screens;;;674;015;020
Computing;Software;ANTI VIRUS SOFTWARE;;675;005;025
Computing;Software;BUSINESS SOFTWARE;;675;005;010
Computing;Software;ACCOUNTING SOFTWARE;;675;005;020
Computing;Software;ACCOUNTING SOFTWARE;;675;005;030
Computing;Software;ACCOUNTING SOFTWARE;;675;005;035
Computing;Converter & Power Supply;;;675;055;040
Computing;Converter & Power Supply;;;675;060;005
Computing;Converter & Power Supply;;;675;060;010
Computing;Converter & Power Supply;;;675;060;020
Computing;Computers & Tablets;CONVERTIBLE & 2-in-1;;674;025;065
Computing;Computers & Tablets;CONVERTIBLE & 2-in-1;;674;025;070
Computing;Computers & Tablets;CONVERTIBLE & 2-in-1;;674;025;075
Computing;Computers & Tablets;DESKTOP COMPUTERS;;674;020;005
Computing;Computers & Tablets;DESKTOP COMPUTERS;;674;020;010
Computing;Computers & Tablets;DESKTOP COMPUTERS;;674;020;015
Computing;Computers & Tablets;NOTEBOOKS ;;674;025;005
Computing;Computers & Tablets;NOTEBOOKS ;;674;025;010
Computing;Computers & Tablets;NOTEBOOKS ;;674;025;015
Computing;Computers & Tablets;NOTEBOOKS ;;674;025;020
Computing;Computers & Tablets;NOTEBOOKS ;;674;025;025
Computing;Computers & Tablets;NOTEBOOKS ;;674;025;040
Computing;Computers & Tablets;NOTEBOOKS ;;674;025;080
Computing;Computers & Tablets;TABLETS;;674;030;005
Computing;Computers & Tablets;TABLETS;;674;030;010
Computing;Computers & Tablets;TABLETS;;674;030;015
Computing;Computers & Tablets;TABLETS;;674;030;020
Computing;Computers & Tablets;TABLETS;;674;030;025
Computing;Computers & Tablets;TABLETS;;674;030;035
Computing;Computers & Tablets;TABLETS;;674;030;040
Computing;Computers & Tablets;TABLETS;;674;030;045
Computing;Peripherals;CABLES & CONNECTORS;;675;055;005
Computing;Peripherals;CABLES & CONNECTORS;;675;055;010
Computing;Peripherals;CABLES & CONNECTORS;;675;055;020
Computing;Peripherals;CABLES & CONNECTORS;;675;055;025
Computing;Peripherals;CABLES & CONNECTORS;;675;055;030
Computing;Peripherals;CABLES & CONNECTORS;;675;055;035
Computing;Peripherals;KEYBOARD ;;675;025;020
Computing;Peripherals;KEYBOARD ;;675;025;025
Computing;Peripherals;USB DOCKS & HUBS;;675;055;015
Computing;Peripherals;MICROPHONES & MICROPHONE HEADSETS;;675;050;010
Computing;Peripherals;MICROPHONES & MICROPHONE HEADSETS;;675;050;015
Computing;Peripherals;KEYBOARD & MOUSE SETS;;675;025;030
Computing;Peripherals;SOUND & AUDIO DEVICES;;675;050;005
Computing;Peripherals;MOUSE;;675;025;010
Computing;Peripherals;MOUSE;;675;025;015
Computing;Peripherals;Supports;;675;045;020
Computing;Peripherals;REMOTE CONTROLS;;675;025;035
Computing;Peripherals;WEBCAMS;;675;025;040
Computing;Network;POWERLINE NETWORK ADAPTERS;;675;030;030
Computing;Network;POWERLINE NETWORK ADAPTERS;;675;030;035
Computing;Network;WIFI BRIDGE;;675;030;020
Computing;Network;BLUETOOTH DONGLE;;675;030;040
Computing;Network;WIFI DONGLE;;675;030;015
Computing;Network;WIFI HOT SPOT;;675;030;025
Computing;Network;WIFI ROUTERS & MODEMS;;675;030;005
Computing;Network;WIFI ROUTERS & MODEMS;;675;030;010
Computing;Storage;MEMORY CARDS;ADAPTERS & CONVERTERS ;676;005;025
Computing;Storage;MEMORY CARDS;COMPACT FLASH MEMORY CARD;676;005;005
Computing;Storage;MEMORY CARDS;MICRO SD CARD;676;005;015
Computing;Storage;MEMORY CARDS;SD CARF;676;005;010
Computing;Storage;MEMORY CARDS;MEMORY STICK;676;005;020
Computing;Storage;CD, DVD & Floppy Disk Drive;ACCESSORIES & STORAGE;676;010;060
Computing;Storage;CD, DVD & Floppy Disk Drive;ACCESSORIES & STORAGE;676;010;065
Computing;Storage;CD, DVD & Floppy Disk Drive;CD& DVD;676;010;015
Computing;Storage;CD, DVD & Floppy Disk Drive;CD& DVD;676;010;020
Computing;Storage;CD, DVD & Floppy Disk Drive;CD& DVD;676;010;025
Computing;Storage;CD, DVD & Floppy Disk Drive;CD& DVD;676;010;030
Computing;Storage;CD, DVD & Floppy Disk Drive;CD& DVD;676;010;050
Computing;Storage;USB STICKS;;676;015;005
Computing;Storage;USB STICKS;;676;015;010
Computing;Storage;EXTERNAL HARD DRIVES;;676;020;018
Computing;Storage;EXTERNAL HARD DRIVES;;676;020;020
Computing;Storage;EXTERNAL HARD DRIVES;;676;020;022
Computing;Storage;EXTERNAL HARD DRIVES;;676;020;024
Computing;Storage;EXTERNAL HARD DRIVES;;676;020;026
Computing;Storage;EXTERNAL HARD DRIVES;;676;020;028
Computing;Storage;EXTERNAL HARD DRIVES;;676;020;030
Computing;Storage;EXTERNAL HARD DRIVES;;676;020;032
Computing;Storage;MULTIMEDIA STORAGE DEVICES;;676;020;034
Computing;Storage;NAS - NETWORK ATTACHED STORAGE;;676;020;036
